p, admin, knowledge, *
p, admin, user, *
p, admin, kb_request, *
p, admin, kb_sharing, *
p, admin, dedup, *
p, user, knowledge, read
p, user, knowledge, create
p, user, knowledge, update_own
p, user, knowledge, delete_own
p, user, kb_request, create
p, user, kb_request, read_own
p, user, kb_sharing, create
p, user, kb_sharing, read_own
p, user, dedup, read
g, admin, admin
g, climbing, user
g, admin2, user
g, hermes, user
g, testagent, user
g, testuser, user
g, cronbot, user
g, testuser_eee7ac76, user
g, logintest_a349d022, user
g, metest_5b715969, user
g, testuser_fbee3447, user
g, logintest_edf1cf5d, user
g, metest_6fd41835, user
g, testuser_caa8df34, user
g, logintest_b0c0c83a, user
g, metest_583ee565, user
g, testuser_f5f2bc30, user
g, logintest_e783c48f, user
g, metest_84c0c57d, user
g, testuser_8eb1800c, user
g, logintest_25ababc9, user
g, metest_9d61a519, user
g, testuser_057310d8, user
g, logintest_eeef4f47, user
g, metest_163698b0, user
g, testuser_a89b785c, user
g, logintest_5601f0ca, user
g, metest_0de5bf87, user
g, testuser_5c381ce1, user
g, logintest_c9934be4, user
g, metest_f873da9c, user
g, devagent, user
g, testuser_2b3ee3d4, user
g, logintest_5d44d4bc, user
g, metest_1164643a, user
g, testuser_22501a80, user
g, logintest_26761e91, user
g, metest_8197e5ab, user
g, testuser_a94c5c78, user
g, logintest_8d597f37, user
g, metest_a8f7c361, user
g, testuser_b7626f49, user
g, logintest_f1ca775f, user
g, metest_716d845b, user
g, testuser_0ecee79b, user
g, logintest_2882737f, user
g, metest_62f58720, user
g, testuser_a6141878, user
g, logintest_2f6c9b53, user
g, metest_6c812d6f, user
g, testuser_33fca82b, user
g, logintest_737f8f81, user
g, metest_71813dc2, user
g, testuser_b10b466c, user
g, logintest_b68166d6, user
g, metest_bfc9e361, user
g, testuser_59f3d8c7, user
g, logintest_b1778efb, user
g, metest_02395e6b, user
g, testuser_807f06bf, user
g, logintest_ba100080, user
g, metest_d2aa8939, user
g, testuser_8aee4283, user
g, logintest_87a69354, user
g, metest_b9af076e, user
g, test2, user
g, testuser_a0a04198, user
g, logintest_25d4b673, user
g, metest_caeed7b9, user
g, testuser_5af8f343, user
g, logintest_71f94f71, user
g, metest_b823d2c6, user
g, testuser_01ed7527, user
g, logintest_3f9e2297, user
g, metest_fa2b679e, user
g, testuser_c5634a52, user
g, logintest_5a3e05d3, user
g, metest_1df32224, user
g, testuser_33e42c48, user
g, logintest_6d7c02ab, user
g, metest_252966b5, user
g, testuser_b3699d95, user
g, logintest_32154717, user
g, metest_e1fadb55, user
g, testuser_5a027831, user
g, logintest_8936f680, user
g, metest_29d0a234, user
g, testuser_93c31576, user
g, logintest_f7927a06, user
g, metest_0e9ec851, user
g, testuser_b575ffe1, user
g, logintest_deb1627f, user
g, metest_9a47d03b, user
g, testuser_bfafb894, user
g, logintest_1dee089f, user
g, metest_36ce0309, user
g, testuser_8330bb91, user
g, logintest_c6c56a42, user
g, metest_7b204b00, user
g, testuser_141674e6, user
g, logintest_29e364ba, user
g, metest_af542a9e, user
g, testuser_3c2ce757, user
g, logintest_a64b3691, user
g, metest_2123844e, user
g, testuser_abfa37c1, user
g, logintest_d5321044, user
g, metest_2e26f124, user
g, testuser_cae3d337, user
g, logintest_e25bb353, user
g, metest_5b972a20, user
g, testuser_d313d94b, user
g, logintest_2d6ff7c9, user
g, metest_3fb65aff, user
g, testuser_c4a825f3, user
g, logintest_9b6264e8, user
g, metest_d0016363, user
g, testuser_f7c722f2, user
g, logintest_17032fae, user
g, metest_81b44595, user
g, testuser_53b23070, user
g, logintest_25a8275d, user
g, metest_1ad2515f, user
g, testuser_c06575cb, user
g, logintest_ecc45acd, user
g, metest_eec4f944, user
g, testuser_8aa87f6d, user
g, logintest_92931c77, user
g, metest_a9611101, user
g, testuser_46fa42fd, user
g, logintest_ecd7b589, user
g, metest_c62e082a, user
g, testuser_12241016, user
g, logintest_215ee2c2, user
g, metest_f871bf55, user
g, testuser_778ff708, user
g, logintest_f2ffc241, user
g, metest_b7742a3d, user
g, testuser_d1aa28d0, user
g, logintest_dc5bf199, user
g, metest_7b8ae3ff, user
g, testuser_773705ad, user
g, logintest_0c3876a2, user
g, metest_2baa1e97, user
g, testuser_89b5e0ed, user
g, logintest_0326ccb9, user
g, metest_5d142f96, user
g, test, user
g, testuser_e74d3c95, user
g, logintest_a4ab6cef, user
g, metest_118332fa, user
g, testuser_623b6cdc, user
g, logintest_692f1474, user
g, metest_0bba0d00, user
g, testuser_e8ff0c9f, user
g, logintest_5c17c975, user
g, metest_60baf9b7, user